-- ============================================================
-- SteuerBack — Complete Direct Seed (50 users + applications)
-- Does NOT rely on triggers — inserts into every table directly.
-- Run this in Supabase SQL Editor.
-- Password for ALL dummy users: Test1234!
-- ============================================================

-- ── 1. auth.users ────────────────────────────────────────────
INSERT INTO auth.users (
  id, instance_id, aud, role, email,
  encrypted_password, email_confirmed_at,
  created_at, updated_at,
  raw_app_meta_data, raw_user_meta_data,
  is_super_admin, confirmation_token, recovery_token
) VALUES
  ('11111111-0001-0000-0000-000000000001','00000000-0000-0000-0000-000000000000','authenticated','authenticated','marko.petrovic@gmail.com',    crypt('Test1234!',gen_salt('bf')),now(),now()-interval '90 days', now(),'{"provider":"email","providers":["email"]}','{}',false,'',''),
  ('11111111-0002-0000-0000-000000000001','00000000-0000-0000-0000-000000000000','authenticated','authenticated','ana.kovacevic@gmail.com',      crypt('Test1234!',gen_salt('bf')),now(),now()-interval '88 days', now(),'{"provider":"email","providers":["email"]}','{}',false,'',''),
  ('11111111-0003-0000-0000-000000000001','00000000-0000-0000-0000-000000000000','authenticated','authenticated','stefan.jovanovic@yahoo.com',   crypt('Test1234!',gen_salt('bf')),now(),now()-interval '85 days', now(),'{"provider":"email","providers":["email"]}','{}',false,'',''),
  ('11111111-0004-0000-0000-000000000001','00000000-0000-0000-0000-000000000000','authenticated','authenticated','milena.todorov@gmail.com',     crypt('Test1234!',gen_salt('bf')),now(),now()-interval '82 days', now(),'{"provider":"email","providers":["email"]}','{}',false,'',''),
  ('11111111-0005-0000-0000-000000000001','00000000-0000-0000-0000-000000000000','authenticated','authenticated','ivan.georgi@gmail.com',        crypt('Test1234!',gen_salt('bf')),now(),now()-interval '80 days', now(),'{"provider":"email","providers":["email"]}','{}',false,'',''),
  ('11111111-0006-0000-0000-000000000001','00000000-0000-0000-0000-000000000000','authenticated','authenticated','nikola.dimitrov@yahoo.com',    crypt('Test1234!',gen_salt('bf')),now(),now()-interval '78 days', now(),'{"provider":"email","providers":["email"]}','{}',false,'',''),
  ('11111111-0007-0000-0000-000000000001','00000000-0000-0000-0000-000000000000','authenticated','authenticated','sara.hadzic@gmail.com',        crypt('Test1234!',gen_salt('bf')),now(),now()-interval '76 days', now(),'{"provider":"email","providers":["email"]}','{}',false,'',''),
  ('11111111-0008-0000-0000-000000000001','00000000-0000-0000-0000-000000000000','authenticated','authenticated','dragan.popov@gmail.com',       crypt('Test1234!',gen_salt('bf')),now(),now()-interval '74 days', now(),'{"provider":"email","providers":["email"]}','{}',false,'',''),
  ('11111111-0009-0000-0000-000000000001','00000000-0000-0000-0000-000000000000','authenticated','authenticated','elena.vasic@gmail.com',        crypt('Test1234!',gen_salt('bf')),now(),now()-interval '72 days', now(),'{"provider":"email","providers":["email"]}','{}',false,'',''),
  ('11111111-0010-0000-0000-000000000001','00000000-0000-0000-0000-000000000000','authenticated','authenticated','aleksandar.novak@gmail.com',   crypt('Test1234!',gen_salt('bf')),now(),now()-interval '70 days', now(),'{"provider":"email","providers":["email"]}','{}',false,'',''),
  ('11111111-0011-0000-0000-000000000001','00000000-0000-0000-0000-000000000000','authenticated','authenticated','marta.kowalska@gmail.com',     crypt('Test1234!',gen_salt('bf')),now(),now()-interval '68 days', now(),'{"provider":"email","providers":["email"]}','{}',false,'',''),
  ('11111111-0012-0000-0000-000000000001','00000000-0000-0000-0000-000000000000','authenticated','authenticated','david.moldovan@yahoo.com',     crypt('Test1234!',gen_salt('bf')),now(),now()-interval '66 days', now(),'{"provider":"email","providers":["email"]}','{}',false,'',''),
  ('11111111-0013-0000-0000-000000000001','00000000-0000-0000-0000-000000000000','authenticated','authenticated','cristina.popa@gmail.com',      crypt('Test1234!',gen_salt('bf')),now(),now()-interval '64 days', now(),'{"provider":"email","providers":["email"]}','{}',false,'',''),
  ('11111111-0014-0000-0000-000000000001','00000000-0000-0000-0000-000000000000','authenticated','authenticated','artan.berisha@gmail.com',      crypt('Test1234!',gen_salt('bf')),now(),now()-interval '62 days', now(),'{"provider":"email","providers":["email"]}','{}',false,'',''),
  ('11111111-0015-0000-0000-000000000001','00000000-0000-0000-0000-000000000000','authenticated','authenticated','blerim.kelmendi@gmail.com',    crypt('Test1234!',gen_salt('bf')),now(),now()-interval '60 days', now(),'{"provider":"email","providers":["email"]}','{}',false,'',''),
  ('11111111-0016-0000-0000-000000000001','00000000-0000-0000-0000-000000000000','authenticated','authenticated','mihail.ionescu@gmail.com',     crypt('Test1234!',gen_salt('bf')),now(),now()-interval '58 days', now(),'{"provider":"email","providers":["email"]}','{}',false,'',''),
  ('11111111-0017-0000-0000-000000000001','00000000-0000-0000-0000-000000000000','authenticated','authenticated','valentina.stojanov@gmail.com', crypt('Test1234!',gen_salt('bf')),now(),now()-interval '56 days', now(),'{"provider":"email","providers":["email"]}','{}',false,'',''),
  ('11111111-0018-0000-0000-000000000001','00000000-0000-0000-0000-000000000000','authenticated','authenticated','rajesh.kumar@gmail.com',       crypt('Test1234!',gen_salt('bf')),now(),now()-interval '54 days', now(),'{"provider":"email","providers":["email"]}','{}',false,'',''),
  ('11111111-0019-0000-0000-000000000001','00000000-0000-0000-0000-000000000000','authenticated','authenticated','priya.sharma@gmail.com',       crypt('Test1234!',gen_salt('bf')),now(),now()-interval '52 days', now(),'{"provider":"email","providers":["email"]}','{}',false,'',''),
  ('11111111-0020-0000-0000-000000000001','00000000-0000-0000-0000-000000000000','authenticated','authenticated','ozgur.yilmaz@gmail.com',       crypt('Test1234!',gen_salt('bf')),now(),now()-interval '50 days', now(),'{"provider":"email","providers":["email"]}','{}',false,'',''),
  ('11111111-0021-0000-0000-000000000001','00000000-0000-0000-0000-000000000000','authenticated','authenticated','luka.boskovic@gmail.com',      crypt('Test1234!',gen_salt('bf')),now(),now()-interval '48 days', now(),'{"provider":"email","providers":["email"]}','{}',false,'',''),
  ('11111111-0022-0000-0000-000000000001','00000000-0000-0000-0000-000000000000','authenticated','authenticated','katarina.vukovic@gmail.com',   crypt('Test1234!',gen_salt('bf')),now(),now()-interval '46 days', now(),'{"provider":"email","providers":["email"]}','{}',false,'',''),
  ('11111111-0023-0000-0000-000000000001','00000000-0000-0000-0000-000000000000','authenticated','authenticated','igor.savic@yahoo.com',         crypt('Test1234!',gen_salt('bf')),now(),now()-interval '44 days', now(),'{"provider":"email","providers":["email"]}','{}',false,'',''),
  ('11111111-0024-0000-0000-000000000001','00000000-0000-0000-0000-000000000000','authenticated','authenticated','bojana.lukic@gmail.com',       crypt('Test1234!',gen_salt('bf')),now(),now()-interval '42 days', now(),'{"provider":"email","providers":["email"]}','{}',false,'',''),
  ('11111111-0025-0000-0000-000000000001','00000000-0000-0000-0000-000000000000','authenticated','authenticated','nemanja.djordjevic@gmail.com', crypt('Test1234!',gen_salt('bf')),now(),now()-interval '40 days', now(),'{"provider":"email","providers":["email"]}','{}',false,'',''),
  ('11111111-0026-0000-0000-000000000001','00000000-0000-0000-0000-000000000000','authenticated','authenticated','dijana.matic@gmail.com',       crypt('Test1234!',gen_salt('bf')),now(),now()-interval '38 days', now(),'{"provider":"email","providers":["email"]}','{}',false,'',''),
  ('11111111-0027-0000-0000-000000000001','00000000-0000-0000-0000-000000000000','authenticated','authenticated','milos.ristic@yahoo.com',       crypt('Test1234!',gen_salt('bf')),now(),now()-interval '36 days', now(),'{"provider":"email","providers":["email"]}','{}',false,'',''),
  ('11111111-0028-0000-0000-000000000001','00000000-0000-0000-0000-000000000000','authenticated','authenticated','ana.milovanovic@gmail.com',    crypt('Test1234!',gen_salt('bf')),now(),now()-interval '34 days', now(),'{"provider":"email","providers":["email"]}','{}',false,'',''),
  ('11111111-0029-0000-0000-000000000001','00000000-0000-0000-0000-000000000000','authenticated','authenticated','petar.simic@gmail.com',        crypt('Test1234!',gen_salt('bf')),now(),now()-interval '32 days', now(),'{"provider":"email","providers":["email"]}','{}',false,'',''),
  ('11111111-0030-0000-0000-000000000001','00000000-0000-0000-0000-000000000000','authenticated','authenticated','jovana.ilic@gmail.com',        crypt('Test1234!',gen_salt('bf')),now(),now()-interval '30 days', now(),'{"provider":"email","providers":["email"]}','{}',false,'',''),
  ('11111111-0031-0000-0000-000000000001','00000000-0000-0000-0000-000000000000','authenticated','authenticated','branislav.stanic@gmail.com',   crypt('Test1234!',gen_salt('bf')),now(),now()-interval '28 days', now(),'{"provider":"email","providers":["email"]}','{}',false,'',''),
  ('11111111-0032-0000-0000-000000000001','00000000-0000-0000-0000-000000000000','authenticated','authenticated','milica.stojanovic@yahoo.com',  crypt('Test1234!',gen_salt('bf')),now(),now()-interval '26 days', now(),'{"provider":"email","providers":["email"]}','{}',false,'',''),
  ('11111111-0033-0000-0000-000000000001','00000000-0000-0000-0000-000000000000','authenticated','authenticated','dejan.radovanovic@gmail.com',  crypt('Test1234!',gen_salt('bf')),now(),now()-interval '24 days', now(),'{"provider":"email","providers":["email"]}','{}',false,'',''),
  ('11111111-0034-0000-0000-000000000001','00000000-0000-0000-0000-000000000000','authenticated','authenticated','maja.ninkovic@gmail.com',      crypt('Test1234!',gen_salt('bf')),now(),now()-interval '22 days', now(),'{"provider":"email","providers":["email"]}','{}',false,'',''),
  ('11111111-0035-0000-0000-000000000001','00000000-0000-0000-0000-000000000000','authenticated','authenticated','zoran.pavlovic@gmail.com',     crypt('Test1234!',gen_salt('bf')),now(),now()-interval '20 days', now(),'{"provider":"email","providers":["email"]}','{}',false,'',''),
  ('11111111-0036-0000-0000-000000000001','00000000-0000-0000-0000-000000000000','authenticated','authenticated','tijana.babic@gmail.com',       crypt('Test1234!',gen_salt('bf')),now(),now()-interval '18 days', now(),'{"provider":"email","providers":["email"]}','{}',false,'',''),
  ('11111111-0037-0000-0000-000000000001','00000000-0000-0000-0000-000000000000','authenticated','authenticated','goran.jankovic@yahoo.com',     crypt('Test1234!',gen_salt('bf')),now(),now()-interval '16 days', now(),'{"provider":"email","providers":["email"]}','{}',false,'',''),
  ('11111111-0038-0000-0000-000000000001','00000000-0000-0000-0000-000000000000','authenticated','authenticated','vesna.micic@gmail.com',        crypt('Test1234!',gen_salt('bf')),now(),now()-interval '14 days', now(),'{"provider":"email","providers":["email"]}','{}',false,'',''),
  ('11111111-0039-0000-0000-000000000001','00000000-0000-0000-0000-000000000000','authenticated','authenticated','bojan.obradovic@gmail.com',    crypt('Test1234!',gen_salt('bf')),now(),now()-interval '12 days', now(),'{"provider":"email","providers":["email"]}','{}',false,'',''),
  ('11111111-0040-0000-0000-000000000001','00000000-0000-0000-0000-000000000000','authenticated','authenticated','snezana.aleksic@gmail.com',    crypt('Test1234!',gen_salt('bf')),now(),now()-interval '10 days', now(),'{"provider":"email","providers":["email"]}','{}',false,'',''),
  ('11111111-0041-0000-0000-000000000001','00000000-0000-0000-0000-000000000000','authenticated','authenticated','adnan.hodzic@gmail.com',       crypt('Test1234!',gen_salt('bf')),now(),now()-interval '9 days',  now(),'{"provider":"email","providers":["email"]}','{}',false,'',''),
  ('11111111-0042-0000-0000-000000000001','00000000-0000-0000-0000-000000000000','authenticated','authenticated','amira.cehic@yahoo.com',        crypt('Test1234!',gen_salt('bf')),now(),now()-interval '8 days',  now(),'{"provider":"email","providers":["email"]}','{}',false,'',''),
  ('11111111-0043-0000-0000-000000000001','00000000-0000-0000-0000-000000000000','authenticated','authenticated','edin.muratovic@gmail.com',     crypt('Test1234!',gen_salt('bf')),now(),now()-interval '7 days',  now(),'{"provider":"email","providers":["email"]}','{}',false,'',''),
  ('11111111-0044-0000-0000-000000000001','00000000-0000-0000-0000-000000000000','authenticated','authenticated','nikoleta.gruevska@gmail.com',  crypt('Test1234!',gen_salt('bf')),now(),now()-interval '6 days',  now(),'{"provider":"email","providers":["email"]}','{}',false,'',''),
  ('11111111-0045-0000-0000-000000000001','00000000-0000-0000-0000-000000000000','authenticated','authenticated','darko.petreska@gmail.com',     crypt('Test1234!',gen_salt('bf')),now(),now()-interval '5 days',  now(),'{"provider":"email","providers":["email"]}','{}',false,'',''),
  ('11111111-0046-0000-0000-000000000001','00000000-0000-0000-0000-000000000000','authenticated','authenticated','florina.constantin@gmail.com', crypt('Test1234!',gen_salt('bf')),now(),now()-interval '4 days',  now(),'{"provider":"email","providers":["email"]}','{}',false,'',''),
  ('11111111-0047-0000-0000-000000000001','00000000-0000-0000-0000-000000000000','authenticated','authenticated','radu.florescu@yahoo.com',      crypt('Test1234!',gen_salt('bf')),now(),now()-interval '3 days',  now(),'{"provider":"email","providers":["email"]}','{}',false,'',''),
  ('11111111-0048-0000-0000-000000000001','00000000-0000-0000-0000-000000000000','authenticated','authenticated','ahmed.yildirim@gmail.com',     crypt('Test1234!',gen_salt('bf')),now(),now()-interval '2 days',  now(),'{"provider":"email","providers":["email"]}','{}',false,'',''),
  ('11111111-0049-0000-0000-000000000001','00000000-0000-0000-0000-000000000000','authenticated','authenticated','fatima.ozturk@gmail.com',      crypt('Test1234!',gen_salt('bf')),now(),now()-interval '1 day',   now(),'{"provider":"email","providers":["email"]}','{}',false,'',''),
  ('11111111-0050-0000-0000-000000000001','00000000-0000-0000-0000-000000000000','authenticated','authenticated','amir.hadzimusic@gmail.com',    crypt('Test1234!',gen_salt('bf')),now(),now()-interval '12 hours',now(),'{"provider":"email","providers":["email"]}','{}',false,'','')
ON CONFLICT (id) DO NOTHING;

-- ── 2. public.users (direct insert — no trigger needed) ──────
INSERT INTO public.users (id, email, role, created_at) VALUES
  ('11111111-0001-0000-0000-000000000001','marko.petrovic@gmail.com',    'user', now()-interval '90 days'),
  ('11111111-0002-0000-0000-000000000001','ana.kovacevic@gmail.com',      'user', now()-interval '88 days'),
  ('11111111-0003-0000-0000-000000000001','stefan.jovanovic@yahoo.com',   'user', now()-interval '85 days'),
  ('11111111-0004-0000-0000-000000000001','milena.todorov@gmail.com',     'user', now()-interval '82 days'),
  ('11111111-0005-0000-0000-000000000001','ivan.georgi@gmail.com',        'user', now()-interval '80 days'),
  ('11111111-0006-0000-0000-000000000001','nikola.dimitrov@yahoo.com',    'user', now()-interval '78 days'),
  ('11111111-0007-0000-0000-000000000001','sara.hadzic@gmail.com',        'user', now()-interval '76 days'),
  ('11111111-0008-0000-0000-000000000001','dragan.popov@gmail.com',       'user', now()-interval '74 days'),
  ('11111111-0009-0000-0000-000000000001','elena.vasic@gmail.com',        'user', now()-interval '72 days'),
  ('11111111-0010-0000-0000-000000000001','aleksandar.novak@gmail.com',   'user', now()-interval '70 days'),
  ('11111111-0011-0000-0000-000000000001','marta.kowalska@gmail.com',     'user', now()-interval '68 days'),
  ('11111111-0012-0000-0000-000000000001','david.moldovan@yahoo.com',     'user', now()-interval '66 days'),
  ('11111111-0013-0000-0000-000000000001','cristina.popa@gmail.com',      'user', now()-interval '64 days'),
  ('11111111-0014-0000-0000-000000000001','artan.berisha@gmail.com',      'user', now()-interval '62 days'),
  ('11111111-0015-0000-0000-000000000001','blerim.kelmendi@gmail.com',    'user', now()-interval '60 days'),
  ('11111111-0016-0000-0000-000000000001','mihail.ionescu@gmail.com',     'user', now()-interval '58 days'),
  ('11111111-0017-0000-0000-000000000001','valentina.stojanov@gmail.com', 'user', now()-interval '56 days'),
  ('11111111-0018-0000-0000-000000000001','rajesh.kumar@gmail.com',       'user', now()-interval '54 days'),
  ('11111111-0019-0000-0000-000000000001','priya.sharma@gmail.com',       'user', now()-interval '52 days'),
  ('11111111-0020-0000-0000-000000000001','ozgur.yilmaz@gmail.com',       'user', now()-interval '50 days'),
  ('11111111-0021-0000-0000-000000000001','luka.boskovic@gmail.com',      'user', now()-interval '48 days'),
  ('11111111-0022-0000-0000-000000000001','katarina.vukovic@gmail.com',   'user', now()-interval '46 days'),
  ('11111111-0023-0000-0000-000000000001','igor.savic@yahoo.com',         'user', now()-interval '44 days'),
  ('11111111-0024-0000-0000-000000000001','bojana.lukic@gmail.com',       'user', now()-interval '42 days'),
  ('11111111-0025-0000-0000-000000000001','nemanja.djordjevic@gmail.com', 'user', now()-interval '40 days'),
  ('11111111-0026-0000-0000-000000000001','dijana.matic@gmail.com',       'user', now()-interval '38 days'),
  ('11111111-0027-0000-0000-000000000001','milos.ristic@yahoo.com',       'user', now()-interval '36 days'),
  ('11111111-0028-0000-0000-000000000001','ana.milovanovic@gmail.com',    'user', now()-interval '34 days'),
  ('11111111-0029-0000-0000-000000000001','petar.simic@gmail.com',        'user', now()-interval '32 days'),
  ('11111111-0030-0000-0000-000000000001','jovana.ilic@gmail.com',        'user', now()-interval '30 days'),
  ('11111111-0031-0000-0000-000000000001','branislav.stanic@gmail.com',   'user', now()-interval '28 days'),
  ('11111111-0032-0000-0000-000000000001','milica.stojanovic@yahoo.com',  'user', now()-interval '26 days'),
  ('11111111-0033-0000-0000-000000000001','dejan.radovanovic@gmail.com',  'user', now()-interval '24 days'),
  ('11111111-0034-0000-0000-000000000001','maja.ninkovic@gmail.com',      'user', now()-interval '22 days'),
  ('11111111-0035-0000-0000-000000000001','zoran.pavlovic@gmail.com',     'user', now()-interval '20 days'),
  ('11111111-0036-0000-0000-000000000001','tijana.babic@gmail.com',       'user', now()-interval '18 days'),
  ('11111111-0037-0000-0000-000000000001','goran.jankovic@yahoo.com',     'user', now()-interval '16 days'),
  ('11111111-0038-0000-0000-000000000001','vesna.micic@gmail.com',        'user', now()-interval '14 days'),
  ('11111111-0039-0000-0000-000000000001','bojan.obradovic@gmail.com',    'user', now()-interval '12 days'),
  ('11111111-0040-0000-0000-000000000001','snezana.aleksic@gmail.com',    'user', now()-interval '10 days'),
  ('11111111-0041-0000-0000-000000000001','adnan.hodzic@gmail.com',       'user', now()-interval '9 days'),
  ('11111111-0042-0000-0000-000000000001','amira.cehic@yahoo.com',        'user', now()-interval '8 days'),
  ('11111111-0043-0000-0000-000000000001','edin.muratovic@gmail.com',     'user', now()-interval '7 days'),
  ('11111111-0044-0000-0000-000000000001','nikoleta.gruevska@gmail.com',  'user', now()-interval '6 days'),
  ('11111111-0045-0000-0000-000000000001','darko.petreska@gmail.com',     'user', now()-interval '5 days'),
  ('11111111-0046-0000-0000-000000000001','florina.constantin@gmail.com', 'user', now()-interval '4 days'),
  ('11111111-0047-0000-0000-000000000001','radu.florescu@yahoo.com',      'user', now()-interval '3 days'),
  ('11111111-0048-0000-0000-000000000001','ahmed.yildirim@gmail.com',     'user', now()-interval '2 days'),
  ('11111111-0049-0000-0000-000000000001','fatima.ozturk@gmail.com',      'user', now()-interval '1 day'),
  ('11111111-0050-0000-0000-000000000001','amir.hadzimusic@gmail.com',    'user', now()-interval '12 hours')
ON CONFLICT (id) DO UPDATE SET email = EXCLUDED.email;

-- ── 3. public.profiles (direct insert with full data) ────────
INSERT INTO public.profiles (user_id, first_name, last_name, date_of_birth, nationality, phone, country_of_residence, city, address, document_type, passport_number, issuing_country, document_expiry, employer_name, work_start, work_end, gross_income_eur, bank_account_holder, iban, swift_bic, bank_name, bank_country, profile_complete, updated_at) VALUES
  ('11111111-0001-0000-0000-000000000001','Marko',      'Petrovic',     '1995-03-12','Serbia',          '+381 63 123 456','Serbia',          'Belgrade',   'Knez Mihailova 10',       'passport',    'SB123456','Serbia',          '2028-03-12','DHL Deutschland GmbH',        '2023-04-01','2023-10-31',18500,'Marko Petrovic',       'RS35105008123123456789',      'RZBSRSBG','Raiffeisen Bank',   'Serbia',         true, now()),
  ('11111111-0002-0000-0000-000000000001','Ana',        'Kovacevic',    '1998-07-22','Croatia',         '+385 91 234 567','Croatia',         'Zagreb',     'Ilica 45',                'national_id', 'HR987654','Croatia',         '2027-07-22','Amazon Logistics GmbH',       '2023-06-01','2023-09-30',12800,'Ana Kovacevic',        'HR1210010051863000160',       'PBZGHR2X','PBZ Bank',          'Croatia',        true, now()),
  ('11111111-0003-0000-0000-000000000001','Stefan',     'Jovanovic',    '1993-11-05','Serbia',          '+381 64 345 678','Serbia',          'Novi Sad',   'Zmaj Jovina 3',           'passport',    'SB445566','Serbia',          '2026-11-05','BMW Group München',           '2022-01-15','2022-12-20',32000,'Stefan Jovanovic',     'RS35105008123987654321',      'KOBSRSBG','Komercijalna Banka','Serbia',         true, now()),
  ('11111111-0004-0000-0000-000000000001','Milena',     'Todorov',      '1997-02-28','Bulgaria',        '+359 88 456 789','Bulgaria',        'Sofia',      'Vitosha Blvd 22',         'passport',    'BG778899','Bulgaria',        '2029-02-28','LIDL Stiftung Germany',       '2023-03-01','2023-08-31',14200,'Milena Todorov',       'BG80BNBG96611020345678',      'UNCRBGSF','UniCredit Bulbank', 'Bulgaria',       true, now()),
  ('11111111-0005-0000-0000-000000000001','Ivan',       'Georgi',       '1990-09-14','Bulgaria',        '+359 87 567 890','Bulgaria',        'Plovdiv',    'Main Street 7',           'national_id', 'BG112233','Bulgaria',        '2025-09-14','Volkswagen AG Wolfsburg',     '2021-05-01','2021-12-31',28500,'Ivan Georgi',          'BG80BNBG96611020999888',      'UNCRBGSF','UniCredit Bulbank', 'Bulgaria',       true, now()),
  ('11111111-0006-0000-0000-000000000001','Nikola',     'Dimitrov',     '1996-05-18','North Macedonia', '+389 70 123 456','North Macedonia', 'Skopje',     'Makedonija 15',           'passport',    'MK334455','North Macedonia', '2027-05-18','Edeka Gruppe Hamburg',        '2023-07-01','2023-11-30',11600,'Nikola Dimitrov',      'MK07300000000042425',         'STBKMK2X','Stopanska Banka',  'North Macedonia',false, now()),
  ('11111111-0007-0000-0000-000000000001','Sara',       'Hadzic',       '1999-12-03','Bosnia',          '+387 61 234 567','Bosnia',          'Sarajevo',   'Ferhadija 8',             'passport',    'BA556677','Bosnia',          '2028-12-03','Rewe Group Köln',             '2023-06-15','2023-08-31',8400, 'Sara Hadzic',          'BA391290079401028494',        'UNCRBA22','UniCredit Mostar',  'Bosnia',         true, now()),
  ('11111111-0008-0000-0000-000000000001','Dragan',     'Popov',        '1988-04-25','Serbia',          '+381 65 678 901','Serbia',          'Nis',        'Obrenoviceva 20',         'passport',    'SB667788','Serbia',          '2026-04-25','Bosch GmbH Stuttgart',        '2022-03-01','2022-11-30',24000,'Dragan Popov',         'RS35105008123111222333',      'RZBSRSBG','Raiffeisen Bank',   'Serbia',         true, now()),
  ('11111111-0009-0000-0000-000000000001','Elena',      'Vasic',        '1994-08-09','Serbia',          '+381 66 789 012','Serbia',          'Kragujevac', 'Svetozara Markovica 5',   'national_id', 'SB889900','Serbia',          '2027-08-09','Siemens AG Berlin',           '2023-02-01','2023-07-31',16800,'Elena Vasic',          'RS35105008123444555666',      'KOBSRSBG','Komercijalna Banka','Serbia',         true, now()),
  ('11111111-0010-0000-0000-000000000001','Aleksandar', 'Novak',        '1992-01-30','Poland',          '+48 500 123 456','Poland',          'Warsaw',     'Nowy Swiat 44',           'passport',    'PL223344','Poland',          '2027-01-30','Mercedes-Benz AG',            '2022-09-01','2023-03-31',22500,'Aleksandar Novak',     'PL61109010140000071219812874','WBKPPLPP','Santander Poland',  'Poland',         true, now()),
  ('11111111-0011-0000-0000-000000000001','Marta',      'Kowalska',     '2000-06-17','Poland',          '+48 600 234 567','Poland',          'Krakow',     'Florianska 12',           'passport',    'PL445566','Poland',          '2030-06-17','Aldi GmbH Germany',           '2023-07-01','2023-09-15',7800, 'Marta Kowalska',       'PL61109010140000071219811111','PKOPPLPW','PKO Bank',          'Poland',         true, now()),
  ('11111111-0012-0000-0000-000000000001','David',      'Moldovan',     '1991-03-21','Romania',         '+40 721 345 678','Romania',         'Bucharest',  'Calea Victoriei 30',      'passport',    'RO334455','Romania',         '2026-03-21','Porsche Leipzig',             '2021-10-01','2022-09-30',31000,'David Moldovan',       'RO49AAAA1B31007593840000',    'BRDEROBU','BRD Romania',       'Romania',        true, now()),
  ('11111111-0013-0000-0000-000000000001','Cristina',   'Popa',         '1997-11-11','Romania',         '+40 722 456 789','Romania',         'Cluj-Napoca','Eroilor 15',              'national_id', 'RO556677','Romania',         '2028-11-11','Kaufland Deutschland',        '2023-04-01','2023-09-30',13500,'Cristina Popa',        'RO49AAAA1B31007593840001',    'BTRLRO22','Banca Transilvania','Romania',        false, now()),
  ('11111111-0014-0000-0000-000000000001','Artan',      'Berisha',      '1993-07-04','Albania',         '+355 68 123 456','Albania',         'Tirana',     'Rruga e Kavajes 22',      'passport',    'AL778899','Albania',         '2027-07-04','Continental AG Hannover',     '2022-06-01','2022-12-31',19800,'Artan Berisha',        'AL47212110090000000235698741','NCBAALTX','NCB Albania',       'Albania',        true, now()),
  ('11111111-0015-0000-0000-000000000001','Blerim',     'Kelmendi',     '1995-09-19','Kosovo',          '+383 44 234 567','Kosovo',          'Pristina',   'Nena Tereze 8',           'passport',    'XK112233','Kosovo',          '2029-09-19','Deutsche Post DHL',           '2023-05-01','2023-10-15',15600,'Blerim Kelmendi',      'XK051000000000000053',        'RBKOXKPR','Raiffeisen Kosovo', 'Kosovo',         true, now()),
  ('11111111-0016-0000-0000-000000000001','Mihail',     'Ionescu',      '1989-02-14','Romania',         '+40 723 567 890','Romania',         'Timisoara',  'Piata Victoriei 3',       'passport',    'RO889900','Romania',         '2025-02-14','Audi AG Ingolstadt',          '2021-01-15','2021-12-15',38500,'Mihail Ionescu',       'RO49AAAA1B31007593840002',    'BRDEROBU','BRD Romania',       'Romania',        true, now()),
  ('11111111-0017-0000-0000-000000000001','Valentina',  'Stojanovic',   '1996-10-08','Serbia',          '+381 67 890 123','Serbia',          'Subotica',   'Korzo 1',                 'national_id', 'SB990011','Serbia',          '2028-10-08','Rossmann GmbH Hamburg',       '2023-03-15','2023-08-15',11200,'Valentina Stojanovic', 'RS35105008123777888999',      'RZBSRSBG','Raiffeisen Bank',   'Serbia',         true, now()),
  ('11111111-0018-0000-0000-000000000001','Rajesh',     'Kumar',        '1990-12-25','Other',           '+91 98765 43210','Other',           'Delhi',      'Connaught Place 5',       'passport',    'IN445566','Other',           '2028-12-25','SAP SE Walldorf',             '2022-04-01','2023-03-31',42000,'Rajesh Kumar',         'DE89370400440532013000',      'COBADEFFXXX','Commerzbank',    'Germany',        true, now()),
  ('11111111-0019-0000-0000-000000000001','Priya',      'Sharma',       '1994-04-02','Other',           '+91 87654 32109','Other',           'Mumbai',     'Bandra West 12',          'passport',    'IN667788','Other',           '2029-04-02','Bosch GmbH Stuttgart',        '2023-01-10','2023-06-30',9600, 'Priya Sharma',         'DE89370400440532013001',      'DEUTDEDB','Deutsche Bank',     'Germany',        true, now()),
  ('11111111-0020-0000-0000-000000000001','Ozgur',      'Yilmaz',       '1992-06-30','Other',           '+90 532 123 4567','Other',          'Istanbul',   'Istiklal Caddesi 88',     'passport',    'TR223344','Other',           '2027-06-30','Telekom Deutschland',         '2022-08-01','2023-01-31',21000,'Ozgur Yilmaz',         'TR330006100519786457841326',  'ISBKTRIS','Isbank',            'Other',          true, now()),
  ('11111111-0021-0000-0000-000000000001','Luka',       'Boskovic',     '1996-02-14','Serbia',          '+381 63 111 001','Serbia',          'Belgrade',   'Bulevar Oslobodjenja 15', 'passport',    'SB100021','Serbia',          '2029-02-14','Amazon Logistics Frankfurt',  '2023-01-10','2023-07-31',17200,'Luka Boskovic',        'RS35105008123000000021',      'RZBSRSBG','Raiffeisen Bank',   'Serbia',         true, now()),
  ('11111111-0022-0000-0000-000000000001','Katarina',   'Vukovic',      '1998-09-30','Serbia',          '+381 64 111 002','Serbia',          'Novi Sad',   'Futoska 22',              'national_id', 'SB100022','Serbia',          '2027-09-30','REWE Group Cologne',          '2023-05-01','2023-09-15',10400,'Katarina Vukovic',     'RS35105008123000000022',      'KOBSRSBG','Komercijalna Banka','Serbia',         true, now()),
  ('11111111-0023-0000-0000-000000000001','Igor',       'Savic',        '1991-06-07','Serbia',          '+381 65 111 003','Germany',         'Frankfurt',  'Mainzer Str 10',          'passport',    'SB100023','Serbia',          '2026-06-07','Deutsche Bank AG Frankfurt',  '2022-03-01','2023-02-28',34500,'Igor Savic',           'DE89370400440532000023',      'COBADEFFXXX','Commerzbank',    'Germany',        true, now()),
  ('11111111-0024-0000-0000-000000000001','Bojana',     'Lukic',        '1997-04-19','Serbia',          '+381 66 111 004','Serbia',          'Nis',        'Cara Konstantina 5',      'national_id', 'SB100024','Serbia',          '2028-04-19','DM Drogerie Germany',         '2023-06-01','2023-10-31',9800, 'Bojana Lukic',         'RS35105008123000000024',      'RZBSRSBG','Raiffeisen Bank',   'Serbia',         false, now()),
  ('11111111-0025-0000-0000-000000000001','Nemanja',    'Djordjevic',   '1993-11-23','Serbia',          '+381 67 111 005','Serbia',          'Kragujevac', 'Svetozara Markovica 8',   'passport',    'SB100025','Serbia',          '2026-11-23','Continental AG Hannover',     '2022-04-01','2022-12-15',26800,'Nemanja Djordjevic',   'RS35105008123000000025',      'KOBSRSBG','Komercijalna Banka','Serbia',         true, now()),
  ('11111111-0026-0000-0000-000000000001','Dijana',     'Matic',        '1995-08-12','Serbia',          '+381 68 111 006','Serbia',          'Subotica',   'Korzo 3',                 'passport',    'SB100026','Serbia',          '2029-08-12','Kaufland Deutschland',        '2023-04-15','2023-08-31',12600,'Dijana Matic',         'RS35105008123000000026',      'RZBSRSBG','Raiffeisen Bank',   'Serbia',         true, now()),
  ('11111111-0027-0000-0000-000000000001','Milos',      'Ristic',       '1990-03-05','Serbia',          '+381 69 111 007','Germany',         'Munich',     'Leopoldstr 44',           'passport',    'SB100027','Serbia',          '2025-03-05','BMW Group Munich',            '2021-09-01','2022-08-31',38000,'Milos Ristic',         'DE89370400440532000027',      'DEUTDEDB','Deutsche Bank',     'Germany',        true, now()),
  ('11111111-0028-0000-0000-000000000001','Ana',        'Milovanovic',  '1999-01-27','Serbia',          '+381 63 222 008','Serbia',          'Pancevo',    'Zmaj Jovina 7',           'national_id', 'SB100028','Serbia',          '2028-01-27','Lidl Deutschland',            '2023-07-01','2023-08-31',6400, 'Ana Milovanovic',      'RS35105008123000000028',      'KOBSRSBG','Komercijalna Banka','Serbia',         true, now()),
  ('11111111-0029-0000-0000-000000000001','Petar',      'Simic',        '1988-07-16','Croatia',         '+385 91 111 009','Croatia',         'Split',      'Marmontova 12',           'passport',    'HR100029','Croatia',         '2027-07-16','Volkswagen AG Wolfsburg',     '2022-01-10','2022-11-30',31500,'Petar Simic',          'HR1210010051863000000029',    'PBZGHR2X','PBZ Bank',          'Croatia',        true, now()),
  ('11111111-0030-0000-0000-000000000001','Jovana',     'Ilic',         '1996-12-01','Croatia',         '+385 92 111 010','Croatia',         'Zagreb',     'Ilica 88',                'national_id', 'HR100030','Croatia',         '2026-12-01','Siemens AG Berlin',           '2023-02-01','2023-06-30',15800,'Jovana Ilic',          'HR1210010051863000000030',    'PBZGHR2X','PBZ Bank',          'Croatia',        true, now()),
  ('11111111-0031-0000-0000-000000000001','Branislav',  'Stanic',       '1992-05-09','Bosnia',          '+387 61 111 011','Bosnia',          'Banja Luka', 'Kralja Petra 5',          'passport',    'BA100031','Bosnia',          '2027-05-09','Bosch GmbH Stuttgart',        '2022-06-01','2023-01-31',23200,'Branislav Stanic',     'BA391290079401000000031',     'UNCRBA22','UniCredit Mostar',  'Bosnia',         true, now()),
  ('11111111-0032-0000-0000-000000000001','Milica',     'Stojanovic',   '1994-10-21','Bosnia',          '+387 62 111 012','Bosnia',          'Sarajevo',   'Ferhadija 20',            'passport',    'BA100032','Bosnia',          '2028-10-21','Audi AG Ingolstadt',          '2023-03-01','2023-09-30',18900,'Milica Stojanovic',    'BA391290079401000000032',     'UNCRBA22','UniCredit Mostar',  'Bosnia',         true, now()),
  ('11111111-0033-0000-0000-000000000001','Dejan',      'Radovanovic',  '1989-02-03','North Macedonia', '+389 70 111 013','North Macedonia', 'Skopje',     'Partizanska 8',           'passport',    'MK100033','North Macedonia', '2026-02-03','Porsche Leipzig',             '2021-07-01','2022-06-30',36000,'Dejan Radovanovic',    'MK07300000000000000033',      'STBKMK2X','Stopanska Banka',  'North Macedonia',true, now()),
  ('11111111-0034-0000-0000-000000000001','Maja',       'Ninkovic',     '1997-07-15','North Macedonia', '+389 71 111 014','North Macedonia', 'Bitola',     'Sirok Sokak 3',           'national_id', 'MK100034','North Macedonia', '2029-07-15','Edeka Hamburg',               '2023-06-01','2023-10-15',11800,'Maja Ninkovic',        'MK07300000000000000034',      'STBKMK2X','Stopanska Banka',  'North Macedonia',false, now()),
  ('11111111-0035-0000-0000-000000000001','Zoran',      'Pavlovic',     '1986-11-28','North Macedonia', '+389 72 111 015','North Macedonia', 'Ohrid',      'Car Samoil 11',           'passport',    'MK100035','North Macedonia', '2025-11-28','Mercedes-Benz AG Stuttgart',  '2020-09-01','2021-08-31',29500,'Zoran Pavlovic',       'MK07300000000000000035',      'STBKMK2X','Stopanska Banka',  'North Macedonia',true, now()),
  ('11111111-0036-0000-0000-000000000001','Tijana',     'Babic',        '1998-03-22','Albania',         '+355 68 111 016','Albania',         'Tirana',     'Bulevardi Bajram Curri 5','passport',    'AL100036','Albania',         '2028-03-22','DHL Logistics Munich',        '2023-04-01','2023-11-30',16200,'Tijana Babic',         'AL47212110090000000000036',   'NCBAALTX','NCB Albania',       'Albania',        true, now()),
  ('11111111-0037-0000-0000-000000000001','Goran',      'Jankovic',     '1991-09-11','Kosovo',          '+383 44 111 017','Kosovo',          'Pristina',   'UCK Street 3',            'passport',    'XK100037','Kosovo',          '2026-09-11','SAP SE Walldorf',             '2022-01-01','2023-01-31',44000,'Goran Jankovic',       'XK051000000000000037',        'RBKOXKPR','Raiffeisen Kosovo', 'Kosovo',         true, now()),
  ('11111111-0038-0000-0000-000000000001','Vesna',      'Micic',        '1995-01-18','Kosovo',          '+383 45 111 018','Kosovo',          'Prizren',    'Shahin Matoshi 8',        'national_id', 'XK100038','Kosovo',          '2027-01-18','Telekom Deutschland AG',      '2023-02-15','2023-08-15',14400,'Vesna Micic',          'XK051000000000000038',        'RBKOXKPR','Raiffeisen Kosovo', 'Kosovo',         true, now()),
  ('11111111-0039-0000-0000-000000000001','Bojan',      'Obradovic',    '1987-06-04','Bulgaria',        '+359 88 111 019','Bulgaria',        'Varna',      'Knyaz Boris I 20',        'passport',    'BG100039','Bulgaria',        '2025-06-04','Rossmann Hamburg',            '2021-03-01','2021-10-31',20500,'Bojan Obradovic',      'BG80BNBG96611020000039',      'UNCRBGSF','UniCredit Bulbank', 'Bulgaria',       true, now()),
  ('11111111-0040-0000-0000-000000000001','Snezana',    'Aleksic',      '1993-04-29','Bulgaria',        '+359 87 111 020','Bulgaria',        'Plovdiv',    'Knyaginya Maria 12',      'passport',    'BG100040','Bulgaria',        '2028-04-29','ALDI Süd Germany',            '2023-03-01','2023-07-31',11000,'Snezana Aleksic',      'BG80BNBG96611020000040',      'UNCRBGSF','UniCredit Bulbank', 'Bulgaria',       true, now()),
  ('11111111-0041-0000-0000-000000000001','Adnan',      'Hodzic',       '1990-08-07','Bosnia',          '+387 63 111 021','Bosnia',          'Mostar',     'Bulevar 44',              'passport',    'BA100041','Bosnia',          '2027-08-07','Daimler AG Stuttgart',        '2022-05-01','2023-04-30',32500,'Adnan Hodzic',         'BA391290079401000000041',     'UNCRBA22','UniCredit Mostar',  'Bosnia',         true, now()),
  ('11111111-0042-0000-0000-000000000001','Amira',      'Cehic',        '1996-11-15','Bosnia',          '+387 64 111 022','Bosnia',          'Zenica',     'Kralja Tvrtka 9',         'national_id', 'BA100042','Bosnia',          '2029-11-15','Penny Markt Germany',         '2023-06-15','2023-08-31',7200, 'Amira Cehic',          'BA391290079401000000042',     'UNCRBA22','UniCredit Mostar',  'Bosnia',         true, now()),
  ('11111111-0043-0000-0000-000000000001','Edin',       'Muratovic',    '1994-02-28','Bosnia',          '+387 65 111 023','Germany',         'Hamburg',    'Reeperbahn 22',           'passport',    'BA100043','Bosnia',          '2026-02-28','Hapag-Lloyd Hamburg',         '2022-09-01','2023-08-31',28000,'Edin Muratovic',       'DE89370400440532000043',      'COBADEFFXXX','Commerzbank',    'Germany',        true, now()),
  ('11111111-0044-0000-0000-000000000001','Nikoleta',   'Gruevska',     '1998-05-06','North Macedonia', '+389 73 111 024','North Macedonia', 'Tetovo',     'Isa Boletini 3',          'passport',    'MK100044','North Macedonia', '2028-05-06','Netto Germany',               '2023-05-01','2023-09-30',9600, 'Nikoleta Gruevska',    'MK07300000000000000044',      'STBKMK2X','Stopanska Banka',  'North Macedonia',false, now()),
  ('11111111-0045-0000-0000-000000000001','Darko',      'Petreska',     '1987-10-23','North Macedonia', '+389 74 111 025','North Macedonia', 'Kavadarci',  'Marshal Tito 18',         'passport',    'MK100045','North Macedonia', '2025-10-23','Thyssenkrupp Essen',          '2020-11-01','2021-10-31',25500,'Darko Petreska',       'MK07300000000000000045',      'STBKMK2X','Stopanska Banka',  'North Macedonia',true, now()),
  ('11111111-0046-0000-0000-000000000001','Florina',    'Constantin',   '1995-07-17','Romania',         '+40 721 111 026','Romania',         'Iasi',       'Lapusneanu 6',            'passport',    'RO100046','Romania',         '2028-07-17','Bayer AG Leverkusen',         '2022-08-01','2023-07-31',27000,'Florina Constantin',   'RO49AAAA1B31007593840046',    'BTRLRO22','Banca Transilvania','Romania',        true, now()),
  ('11111111-0047-0000-0000-000000000001','Radu',       'Florescu',     '1992-01-09','Romania',         '+40 722 111 027','Romania',         'Constanta',  'Mihai Eminescu 14',       'national_id', 'RO100047','Romania',         '2026-01-09','BASF SE Ludwigshafen',        '2021-05-01','2022-04-30',33000,'Radu Florescu',        'RO49AAAA1B31007593840047',    'BRDEROBU','BRD Romania',       'Romania',        true, now()),
  ('11111111-0048-0000-0000-000000000001','Ahmed',      'Yildirim',     '1989-03-31','Other',           '+90 533 111 028','Other',           'Ankara',     'Ataturk Blvd 55',         'passport',    'TR100048','Other',           '2027-03-31','Siemens Energy Munich',       '2022-02-01','2023-01-31',39000,'Ahmed Yildirim',       'TR330006100519786000000048',  'ISBKTRIS','Isbank',            'Other',          true, now()),
  ('11111111-0049-0000-0000-000000000001','Fatima',     'Ozturk',       '1997-06-18','Other',           '+90 534 111 029','Other',           'Izmir',      'Konak Pier 2',            'passport',    'TR100049','Other',           '2029-06-18','Lufthansa AG Frankfurt',      '2023-03-01','2023-06-30',8800, 'Fatima Ozturk',        'TR330006100519786000000049',  'ISBKTRIS','Isbank',            'Other',          true, now()),
  ('11111111-0050-0000-0000-000000000001','Amir',       'Hadzimusic',   '1993-09-14','Bosnia',          '+387 66 111 030','Bosnia',          'Tuzla',      'Zivka Jovanovica 7',      'passport',    'BA100050','Bosnia',          '2027-09-14','Henkel AG Dusseldorf',        '2022-07-01','2023-06-30',30500,'Amir Hadzimusic',      'BA391290079401000000050',     'UNCRBA22','UniCredit Mostar',  'Bosnia',         true, now())
ON CONFLICT (user_id) DO UPDATE SET
  first_name=EXCLUDED.first_name, last_name=EXCLUDED.last_name,
  employer_name=EXCLUDED.employer_name, gross_income_eur=EXCLUDED.gross_income_eur,
  profile_complete=EXCLUDED.profile_complete, updated_at=now();

-- ── 4. public.applications (50 applications, varied statuses) ─
INSERT INTO public.applications (user_id, tax_year, status, payment_status, created_at, updated_at, submitted_at, completed_at) VALUES
  ('11111111-0001-0000-0000-000000000001',2023,'submitted',          'paid',   now()-interval '85 days', now()-interval '2 days',   now()-interval '5 days',   null),
  ('11111111-0002-0000-0000-000000000001',2023,'in_review',          'paid',   now()-interval '80 days', now()-interval '3 days',   null,                      null),
  ('11111111-0003-0000-0000-000000000001',2022,'completed',          'paid',   now()-interval '300 days',now()-interval '10 days',  now()-interval '250 days', now()-interval '10 days'),
  ('11111111-0004-0000-0000-000000000001',2023,'in_review',          'paid',   now()-interval '75 days', now()-interval '4 days',   null,                      null),
  ('11111111-0005-0000-0000-000000000001',2021,'completed',          'paid',   now()-interval '400 days',now()-interval '30 days',  now()-interval '360 days', now()-interval '30 days'),
  ('11111111-0006-0000-0000-000000000001',2023,'profile_incomplete', 'unpaid', now()-interval '70 days', now()-interval '70 days',  null,                      null),
  ('11111111-0007-0000-0000-000000000001',2023,'documents_pending',  'unpaid', now()-interval '65 days', now()-interval '1 day',    null,                      null),
  ('11111111-0008-0000-0000-000000000001',2022,'ready_for_submission','paid',  now()-interval '120 days',now()-interval '2 days',   null,                      null),
  ('11111111-0009-0000-0000-000000000001',2023,'in_review',          'paid',   now()-interval '60 days', now()-interval '1 day',    null,                      null),
  ('11111111-0010-0000-0000-000000000001',2022,'submitted',          'paid',   now()-interval '100 days',now()-interval '3 days',   now()-interval '10 days',  null),
  ('11111111-0011-0000-0000-000000000001',2023,'documents_pending',  'unpaid', now()-interval '55 days', now()-interval '55 days',  null,                      null),
  ('11111111-0012-0000-0000-000000000001',2021,'rejected',           'unpaid', now()-interval '350 days',now()-interval '60 days',  null,                      null),
  ('11111111-0013-0000-0000-000000000001',2023,'draft',              'unpaid', now()-interval '50 days', now()-interval '50 days',  null,                      null),
  ('11111111-0014-0000-0000-000000000001',2022,'paid',               'paid',   now()-interval '90 days', now()-interval '5 days',   null,                      null),
  ('11111111-0015-0000-0000-000000000001',2023,'ready_for_payment',  'unpaid', now()-interval '45 days', now()-interval '45 days',  null,                      null),
  ('11111111-0016-0000-0000-000000000001',2021,'completed',          'paid',   now()-interval '500 days',now()-interval '90 days',  now()-interval '450 days', now()-interval '90 days'),
  ('11111111-0017-0000-0000-000000000001',2023,'missing_documents',  'paid',   now()-interval '40 days', now()-interval '2 days',   null,                      null),
  ('11111111-0018-0000-0000-000000000001',2022,'paid',               'paid',   now()-interval '95 days', now()-interval '7 days',   null,                      null),
  ('11111111-0019-0000-0000-000000000001',2023,'profile_incomplete', 'unpaid', now()-interval '35 days', now()-interval '35 days',  null,                      null),
  ('11111111-0020-0000-0000-000000000001',2022,'ready_for_payment',  'pending',now()-interval '30 days', now()-interval '1 day',    null,                      null),
  ('11111111-0021-0000-0000-000000000001',2023,'in_review',          'paid',   now()-interval '45 days', now()-interval '3 days',   now()-interval '20 days',  null),
  ('11111111-0022-0000-0000-000000000001',2023,'documents_pending',  'unpaid', now()-interval '42 days', now()-interval '42 days',  null,                      null),
  ('11111111-0023-0000-0000-000000000001',2022,'completed',          'paid',   now()-interval '280 days',now()-interval '20 days',  now()-interval '240 days', now()-interval '20 days'),
  ('11111111-0024-0000-0000-000000000001',2023,'profile_incomplete', 'unpaid', now()-interval '38 days', now()-interval '38 days',  null,                      null),
  ('11111111-0025-0000-0000-000000000001',2022,'submitted',          'paid',   now()-interval '120 days',now()-interval '5 days',   now()-interval '15 days',  null),
  ('11111111-0026-0000-0000-000000000001',2023,'ready_for_payment',  'unpaid', now()-interval '32 days', now()-interval '32 days',  null,                      null),
  ('11111111-0027-0000-0000-000000000001',2021,'completed',          'paid',   now()-interval '600 days',now()-interval '100 days', now()-interval '560 days', now()-interval '100 days'),
  ('11111111-0028-0000-0000-000000000001',2023,'documents_pending',  'unpaid', now()-interval '28 days', now()-interval '28 days',  null,                      null),
  ('11111111-0029-0000-0000-000000000001',2022,'completed',          'paid',   now()-interval '380 days',now()-interval '40 days',  now()-interval '340 days', now()-interval '40 days'),
  ('11111111-0030-0000-0000-000000000001',2023,'in_review',          'paid',   now()-interval '25 days', now()-interval '2 days',   null,                      null),
  ('11111111-0031-0000-0000-000000000001',2022,'ready_for_submission','paid',  now()-interval '110 days',now()-interval '4 days',   null,                      null),
  ('11111111-0032-0000-0000-000000000001',2023,'submitted',          'paid',   now()-interval '22 days', now()-interval '6 days',   now()-interval '8 days',   null),
  ('11111111-0033-0000-0000-000000000001',2021,'completed',          'paid',   now()-interval '700 days',now()-interval '120 days', now()-interval '660 days', now()-interval '120 days'),
  ('11111111-0034-0000-0000-000000000001',2023,'profile_incomplete', 'unpaid', now()-interval '20 days', now()-interval '20 days',  null,                      null),
  ('11111111-0035-0000-0000-000000000001',2020,'completed',          'paid',   now()-interval '800 days',now()-interval '200 days', now()-interval '760 days', now()-interval '200 days'),
  ('11111111-0036-0000-0000-000000000001',2023,'in_review',          'paid',   now()-interval '18 days', now()-interval '1 day',    null,                      null),
  ('11111111-0037-0000-0000-000000000001',2022,'completed',          'paid',   now()-interval '450 days',now()-interval '50 days',  now()-interval '410 days', now()-interval '50 days'),
  ('11111111-0038-0000-0000-000000000001',2023,'ready_for_payment',  'unpaid', now()-interval '16 days', now()-interval '16 days',  null,                      null),
  ('11111111-0039-0000-0000-000000000001',2021,'rejected',           'unpaid', now()-interval '420 days',now()-interval '80 days',  null,                      null),
  ('11111111-0040-0000-0000-000000000001',2023,'documents_pending',  'unpaid', now()-interval '14 days', now()-interval '14 days',  null,                      null),
  ('11111111-0041-0000-0000-000000000001',2022,'submitted',          'paid',   now()-interval '90 days', now()-interval '7 days',   now()-interval '12 days',  null),
  ('11111111-0042-0000-0000-000000000001',2023,'documents_pending',  'unpaid', now()-interval '12 days', now()-interval '12 days',  null,                      null),
  ('11111111-0043-0000-0000-000000000001',2022,'in_review',          'paid',   now()-interval '95 days', now()-interval '4 days',   null,                      null),
  ('11111111-0044-0000-0000-000000000001',2023,'profile_incomplete', 'unpaid', now()-interval '10 days', now()-interval '10 days',  null,                      null),
  ('11111111-0045-0000-0000-000000000001',2020,'completed',          'paid',   now()-interval '900 days',now()-interval '250 days', now()-interval '860 days', now()-interval '250 days'),
  ('11111111-0046-0000-0000-000000000001',2022,'ready_for_submission','paid',  now()-interval '100 days',now()-interval '3 days',   null,                      null),
  ('11111111-0047-0000-0000-000000000001',2021,'completed',          'paid',   now()-interval '550 days',now()-interval '110 days', now()-interval '510 days', now()-interval '110 days'),
  ('11111111-0048-0000-0000-000000000001',2022,'submitted',          'paid',   now()-interval '75 days', now()-interval '9 days',   now()-interval '11 days',  null),
  ('11111111-0049-0000-0000-000000000001',2023,'draft',              'unpaid', now()-interval '8 days',  now()-interval '8 days',   null,                      null),
  ('11111111-0050-0000-0000-000000000001',2022,'missing_documents',  'paid',   now()-interval '60 days', now()-interval '2 days',   null,                      null)
ON CONFLICT (user_id, tax_year) DO UPDATE SET
  status=EXCLUDED.status, payment_status=EXCLUDED.payment_status, updated_at=now();

-- ── Verify counts ─────────────────────────────────────────────
SELECT 'auth.users'           AS tbl, count(*) FROM auth.users        WHERE id::text LIKE '11111111%'
UNION ALL
SELECT 'public.users'         AS tbl, count(*) FROM public.users       WHERE id::text LIKE '11111111%'
UNION ALL
SELECT 'public.profiles'      AS tbl, count(*) FROM public.profiles    WHERE user_id::text LIKE '11111111%'
UNION ALL
SELECT 'public.applications'  AS tbl, count(*) FROM public.applications WHERE user_id::text LIKE '11111111%';

-- ============================================================
-- Expected output: all 4 rows should show 50
-- All users login with: Test1234!
-- ============================================================
